"Ritchie Inc.","7700000001","770400001"
"Ziemann, Waelchi and Crist JSC","7700000002","770400002"
"Smith, King and Daugherty Ltd.","7700000003","770400003"
"Russel, Wiegand and Sauer Corp.","7700000004","770400004"
"Nicolas Group","7700000005","770400005"
"MacGyver Holdings","7700000006","770400006"
"Gleason, Glover and Fay LLC","7700000007","770400007"
"Hills, Mayert and Runolfsson Inc.","7700000008","770400008"
"Cassin JSC","7700000009","770400009"
"Hills and Sons Ltd.","7700000010","770400010"
"Goodwin, Graham and Streich Corp.","7700000011","770400011"
"Cassin Group","7700000012","770400012"
"Hickle Holdings","7700000013","770400013"
"Beier, Wiegand and Yundt LLC","7700000014","770400014"
"Dickinson Inc.","7700000015","770400015"
"Upton JSC","7700000016","770400016"
"Buckridge and Sons Ltd.","7700000017","770400017"
"Jerde, Rutherford and Harris Corp.","7700000018","770400018"
"Hirthe - Morar Group","7700000019","770400019"
"Koch Holdings","7700000020","770400020"
"Gottlieb - Mueller LLC","7700000021","770400021"
"Larson Inc.","7700000022","770400022"
"Veum JSC","7700000023","770400023"
"Halvorson Ltd.","7700000024","770400024"
"Cronin, Fisher and Nader Corp.","7700000025","770400025"
"Fisher, Wuckert and Donnelly Group","7700000026","770400026"
"Mills, McCullough and Cummerata Holdings","7700000027","770400027"
"Sauer, Murphy and Quigley LLC","7700000028","770400028"
"Conroy Inc.","7700000029","770400029"
"Lind, Collier and Waelchi JSC","7700000030","770400030"
"Schulist, Goldner and Weimann Ltd.","7700000031","770400031"
"Luettgen, Kassulke and Lynch Corp.","7700000032","770400032"
"Koepp Group","7700000033","770400033"
"Anderson - Mertz Holdings","7700000034","770400034"
"Cassin LLC","7700000035","770400035"
"Upton, Grant and Simonis Inc.","7700000036","770400036"
"Ankunding and Sons JSC","7700000037","770400037"
"Runte, Franecki and Zboncak Ltd.","7700000038","770400038"
"Gorczany Corp.","7700000039","770400039"
"Hackett - Carroll Group","7700000040","770400040"
"Larson - Torp Holdings","7700000041","770400041"
"Cole, Douglas and Jacobs LLC","7700000042","770400042"
"Luettgen - Lockman Inc.","7700000043","770400043"
"Boyle, Kling and Reichel JSC","7700000044","770400044"
"Lubowitz - Smith Ltd.","7700000045","770400045"
"Spencer, Goyette and Renner Corp.","7700000046","770400046"
"Bogisich - Feil Group","7700000047","770400047"
"Wilderman - Labadie Holdings","7700000048","770400048"
"O'Kon - Rosenbaum LLC","7700000049","770400049"
"Bergstrom, Friesen and Wintheiser Inc.","7700000050","770400050"
"Abernathy - Schoen JSC","7700000051","770400051"
"Osinski - Jacobs Ltd.","7700000052","770400052"
"Lang Corp.","7700000053","770400053"
"Klein Group","7700000054","770400054"
"Boehm, Steuber and Kutch Holdings","7700000055","770400055"
"Bauch - Hauck LLC","7700000056","770400056"
"Collins - Heller Inc.","7700000057","770400057"
"Brekke JSC","7700000058","770400058"
"Leuschke Ltd.","7700000059","770400059"
"Denesik Corp.","7700000060","770400060"
"Shanahan Group","7700000061","770400061"
"Bartoletti, Erdman and Hilpert Holdings","7700000062","770400062"
"Adams LLC","7700000063","770400063"
"Pagac, Mayer and Abshire Inc.","7700000064","770400064"
"Konopelski and Sons JSC","7700000065","770400065"
"Hills - Rice Ltd.","7700000066","770400066"
"Frami, Wiza and Von Corp.","7700000067","770400067"
"Schaefer - Ebert Group","7700000068","770400068"
"Thompson and Sons Holdings","7700000069","770400069"
"Emmerich, Schneider and Bartoletti LLC","7700000070","770400070"
"Ullrich, Leffler and Crona Inc.","7700000071","770400071"
"Cole - O'Reilly JSC","7700000072","770400072"
"Goyette and Sons Ltd.","7700000073","770400073"
"McLaughlin - Bednar Corp.","7700000074","770400074"
"Aufderhar Group","7700000075","770400075"
"Stehr, Fahey and Treutel Holdings","7700000076","770400076"
"Franey - Walter LLC","7700000077","770400077"
"Stroman, Schmidt and Langosh Inc.","7700000078","770400078"
"Sawayn JSC","7700000079","770400079"
"Kunde Ltd.","7700000080","770400080"
"Hickle, Streich and McClure Corp.","7700000081","770400081"
"Collier Group","7700000082","770400082"
"Bauch and Sons Holdings","7700000083","770400083"
"Blick LLC","7700000084","770400084"
"Deckow - Kling Inc.","7700000085","770400085"
"Jerde, Bauch and Mayer JSC","7700000086","770400086"
"O'Reilly, Considine and DuBuque Ltd.","7700000087","770400087"
"Dooley, Gerlach and Thiel Corp.","7700000088","770400088"
"Ledner - Rowe Group","7700000089","770400089"
"Rutherford - Hermiston Holdings","7700000090","770400090"
"Ryan, Conroy and Ziemann LLC","7700000091","770400091"
"Sipes, Daniel and Luettgen Inc.","7700000092","770400092"
"Kilback JSC","7700000093","770400093"
"Swift - Howe Ltd.","7700000094","770400094"
"Greenfelder, Gerlach and Skiles Corp.","7700000095","770400095"
"Raynor, Schimmel and McClure Group","7700000096","770400096"
"DuBuque Holdings","7700000097","770400097"
"Kutch LLC","7700000098","770400098"
"Schiller, McLaughlin and Dooley Inc.","7700000099","770400099"
"Wuckert, Schaden and Bauch JSC","7700000100","770400100"
"Lebsack - Kessler Ltd.","7700000101","770400101"
"Kub Corp.","7700000102","770400102"
"Osinski - Reilly Group","7700000103","770400103"
"Senger, Torp and Hoppe Holdings","7700000104","770400104"
"Towne LLC","7700000105","770400105"
"Douglas - Cartwright Inc.","7700000106","770400106"
"Lindgren - Conroy JSC","7700000107","770400107"
"Kohler - Connelly Ltd.","7700000108","770400108"
"Pfannerstill, Hodkiewicz and Simonis Corp.","7700000109","770400109"
"Okuneva Group","7700000110","770400110"
"Koch - Walter Holdings","7700000111","770400111"
"Roob, Corwin and Heidenreich LLC","7700000112","770400112"
"Daugherty - Armstrong Inc.","7700000113","770400113"
"Koss, Stroman and Jacobi JSC","7700000114","770400114"
"Kuvalis - Kshlerin Ltd.","7700000115","770400115"
"Ullrich - Sipes Corp.","7700000116","770400116"
"Medhurst Group","7700000117","770400117"
"Walter - Bartoletti Holdings","7700000118","770400118"
"Ernser and Sons LLC","7700000119","770400119"
"Grant - Langosh Inc.","7700000120","770400120"
"Lubowitz JSC","7700000121","770400121"
"Wiegand, Walker and Bins Ltd.","7700000122","770400122"
"Bode, Weimann and McLaughlin Corp.","7700000123","770400123"
"Kuvalis, Dietrich and Ruecker Group","7700000124","770400124"
"Quitzon, Wolf and Streich Holdings","7700000125","770400125"
"Will, Stamm and Stokes LLC","7700000126","770400126"
"Langosh Inc.","7700000127","770400127"
"Bauch - Doyle JSC","7700000128","770400128"
"Larkin - Schroeder Ltd.","7700000129","770400129"
"Fisher - Blanda Corp.","7700000130","770400130"
"Robel and Sons Group","7700000131","770400131"
"Deckow, Ortiz and Torphy Holdings","7700000132","770400132"
"Quigley LLC","7700000133","770400133"
"Beatty, Ryan and Schmeler Inc.","7700000134","770400134"
"Schulist, Lowe and Corwin JSC","7700000135","770400135"
"Blanda, Ziemann and Harvey Ltd.","7700000136","770400136"
"Nicolas Corp.","7700000137","770400137"
"Lesch, Klocko and Mertz Group","7700000138","770400138"
"Boyer Holdings","7700000139","770400139"
"Hammes, Conroy and Gislason LLC","7700000140","770400140"
"Harber and Sons Inc.","7700000141","770400141"
"Cassin JSC","7700000142","770400142"
"Conn Ltd.","7700000143","770400143"
"Heidenreich and Sons Corp.","7700000144","770400144"
"Berge Group","7700000145","770400145"
"Johnston, Lockman and Hand Holdings","7700000146","770400146"
"Kihn LLC","7700000147","770400147"
"Bashirian, Smitham and Jaskolski Inc.","7700000148","770400148"
"Schimmel, Ortiz and Cassin JSC","7700000149","770400149"
"Hermiston, Cremin and McClure Ltd.","7700000150","770400150"
"Barton, Walker and Wintheiser Corp.","7700000151","770400151"
"Quigley Group","7700000152","770400152"
"Breitenberg, Wehner and Braun Holdings","7700000153","770400153"
"Flatley - Kilback LLC","7700000154","770400154"
"Murray - Bashirian Inc.","7700000155","770400155"
"Oberbrunner - Osinski JSC","7700000156","770400156"
"Kihn, Buckridge and Hyatt Ltd.","7700000157","770400157"
"Spinka Corp.","7700000158","770400158"
"Krajcik, Greenholt and Corkery Group","7700000159","770400159"
"Hettinger Holdings","7700000160","770400160"
"McGlynn, Okuneva and Cassin LLC","7700000161","770400161"
"Mosciski, Schuster and Stanton Inc.","7700000162","770400162"
"Pollich JSC","7700000163","770400163"
"King Ltd.","7700000164","770400164"
"Becker - Lemke Corp.","7700000165","770400165"
"Hintz and Sons Group","7700000166","770400166"
"Heathcote Holdings","7700000167","770400167"
"Cruickshank LLC","7700000168","770400168"
"Ernser Inc.","7700000169","770400169"
"Johnston, Weissnat and D'Amore JSC","7700000170","770400170"
"Kassulke - Runolfsson Ltd.","7700000171","770400171"
"Hilpert Corp.","7700000172","770400172"
"Schmeler, Konopelski and Brakus Group","7700000173","770400173"
"Marks, Grimes and Rogahn Holdings","7700000174","770400174"
"O'Conner, Von and Jones LLC","7700000175","770400175"
"Bayer Inc.","7700000176","770400176"
"Stamm JSC","7700000177","770400177"
"Bruen, Yundt and Littel Ltd.","7700000178","770400178"
"Thiel, Shanahan and Gusikowski Corp.","7700000179","770400179"
"Boyer - Wilkinson Group","7700000180","770400180"
"Pollich and Sons Holdings","7700000181","770400181"
"Wilderman and Sons LLC","7700000182","770400182"
"Barton - Lang Inc.","7700000183","770400183"
"Nikolaus, Nikolaus and Price JSC","7700000184","770400184"
"Paucek - Waters Ltd.","7700000185","770400185"
"Pouros - Hackett Corp.","7700000186","770400186"
"Ziemann and Sons Group","7700000187","770400187"
"O'Reilly, Bradtke and Christiansen Holdings","7700000188","770400188"
"Little LLC","7700000189","770400189"
"Beer and Sons Inc.","7700000190","770400190"
"Schowalter, Hane and Hoppe JSC","7700000191","770400191"
"Runte - Tromp Ltd.","7700000192","770400192"
"Oberbrunner - Grimes Corp.","7700000193","770400193"
"Sawayn Group","7700000194","770400194"
"Reynolds - Dickens Holdings","7700000195","770400195"
"Lindgren LLC","7700000196","770400196"
"O'Reilly, Bashirian and Connelly Inc.","7700000197","770400197"
"Considine - Block JSC","7700000198","770400198"
"Lakin - Reichert Ltd.","7700000199","770400199"
"Keeling Corp.","7700000200","770400200"
"Kunze, Powlowski and Mosciski Group","7700000201","770400201"
"Glover Holdings","7700000202","770400202"
"Cruickshank - Muller LLC","7700000203","770400203"
"Veum, Koelpin and DuBuque Inc.","7700000204","770400204"
"Homenick and Sons JSC","7700000205","770400205"
"Cormier - Schroeder Ltd.","7700000206","770400206"
"Romaguera - Vandervort Corp.","7700000207","770400207"
"Tromp Group","7700000208","770400208"
"Schinner Holdings","7700000209","770400209"
"Bins, Kreiger and Rath LLC","7700000210","770400210"
"Rippin Inc.","7700000211","770400211"
"Dach JSC","7700000212","770400212"
"Vandervort - Zemlak Ltd.","7700000213","770400213"
"Cremin Corp.","7700000214","770400214"
"Cronin and Sons Group","7700000215","770400215"
"Mosciski - Nader Holdings","7700000216","770400216"
"Deckow, Collins and Hyatt LLC","7700000217","770400217"
"Ankunding Inc.","7700000218","770400218"
"Goyette, Borer and Hane JSC","7700000219","770400219"
"Cronin, Nolan and Johnston Ltd.","7700000220","770400220"
"Prosacco - O'Keefe Corp.","7700000221","770400221"
"Prosacco - Bosco Group","7700000222","770400222"
"Bednar Holdings","7700000223","770400223"
"Parker - Upton LLC","7700000224","770400224"
"McGlynn Inc.","7700000225","770400225"
"Hahn, Hane and Toy JSC","7700000226","770400226"
"Nitzsche, Donnelly and Labadie Ltd.","7700000227","770400227"
"Moore Corp.","7700000228","770400228"
"Dare Group","7700000229","770400229"
"Hegmann, Abernathy and Lakin Holdings","7700000230","770400230"
"Wyman and Sons LLC","7700000231","770400231"
"Carroll - Schaden Inc.","7700000232","770400232"
"Haag JSC","7700000233","770400233"
"Stamm Ltd.","7700000234","770400234"
"Kihn - Jast Corp.","7700000235","770400235"
"Jacobson Group","7700000236","770400236"
"Collins Holdings","7700000237","770400237"
"Waters LLC","7700000238","770400238"
"Wiegand - Leannon Inc.","7700000239","770400239"
"Brakus - Greenfelder JSC","7700000240","770400240"
